Study,Species,Host,State,Samples,Prevalence,Latitude,Longitude,citation
1,Uncinaria stenocephala,Wild dogs,QLD,82,4.9,-27.4705,153.026,"Zoonotic and economically significant pathogens of peri-urban wild dogs across north-eastern New South Wales and south-eastern Queensland, Australia"
1,Ancylostoma caninum,Wild dogs,QLD,82,39,-27.4705,153.026,"Zoonotic and economically significant pathogens of peri-urban wild dogs across north-eastern New South Wales and south-eastern Queensland, Australia"
2,Ancylostoma caninum,Dog,QLD,10,100,-16.9203,145.771,Hookworms in cats and dogs in Queensland
2,Ancylostoma caninum,Dog,QLD,66,67,-27.4705,153.026,Hookworms in cats and dogs in Queensland
4,Ancylostoma caninum,Dog,VIC,734,2,-36.5517,145.9833,The prevalence of Dirofilaria immitis and other parasites in urban pound dogs in north-eastern Victoria
6,Ancylostoma caninum,Dog,QLD,61,98.36,-16.9073,145.8666,The hookworm Ancylostoma ceylanicum: An emerging public health risk in Australian tropical rainforests and Indigenous communities
6,Ancylostoma caninum,Dog,QLD,23,95.7,-16.4592,145.3738,The hookworm Ancylostoma ceylanicum: An emerging public health risk in Australian tropical rainforests and Indigenous communities
6,Ancylostoma caninum,Dog,QLD,8,100,-24.1986,150.3722,The hookworm Ancylostoma ceylanicum: An emerging public health risk in Australian tropical rainforests and Indigenous communities
6,Ancylostoma ceylanicum,Dog,QLD,61,21.7,-16.9073,145.8666,The hookworm Ancylostoma ceylanicum: An emerging public health risk in Australian tropical rainforests and Indigenous communities
7,Ancylostoma caninum,Dog,WA,188,52.65,-28.7435,124.7626,Observations on the endo- and ectoparasites affecting dogs and cats in Aboriginal communities in the north-west of Western Australia
8,Ancylostoma caninum,Dog,WA,183,51.1,-28.7435,124.7626,"The prevalence of Giardia and other intestinal parasites in children, dogs and cats from Aboriginal communities in the Kimberley"
9,Ancylostoma tubaeforme,Cats,QLD,400,19,-27.4705,153.026,A survey for parasites in cats
10,Ancylostoma tubaeforme,Cats,WA,33,18.2,-28.7435,124.7626,"The prevalence of Giardia and other intestinal parasites in children, dogs and cats from Aboriginal communities in the Kimberley"
11,Ancylostoma tubaeforme,Cats,WA,7,34,-28.7435,124.7626,Observations on the endo- and ectoparasites affecting dogs and cats in Aboriginal communities in the north-west of Western Australia
12,Ancylostoma tubaeforme,Cats,NT,188,13,-12.4637,130.8444,Gastro-intestinal parasites of feral cats in the Northern Territory.
13,Uncinaria stenocephala,Cats,TAS,107,2.3,-39.8753,143.9371,Internal parasites of feral cats from the Tasmanian Midlands and King Island
14,Uncinaria stenocephala,Dogs,VIC,734,26,-36.5517,145.9833,The prevalence of Dirofilaria immitis and other parasites in urban pound dogs in north-eastern Victoria
15,Ancylostoma caninum,Dogs,NSW,110,5.4,-35.4034,148.4333,THE HELMINTH PARASITES OF DOGS IN THE GOODRADIGBEE SHIRE OF NEW SOUTH WALES
16,Ancylostoma caninum,Dogs,QLD,175,83.9,-10.2199,141.9369,A comparative field efficacy trial of three treatment programs against endo- and ectoparasites in naturally infected dogs
17,Ancylostoma caninum,Wild dogs,QLD,75,81.33,-16.9203,145.771,First report of Ancylostoma ceylanicum in wild canids
17,Ancylostoma ceylanicum,Wild dogs,QLD,75,76,-16.9203,145.771,First report of Ancylostoma ceylanicum in wild canids
17,Ancylostoma braziliensis,Wild dogs,QLD,75,1.33,-16.9203,145.771,First report of Ancylostoma ceylanicum in wild canids
18,Ancylostoma caninum,Wild dogs,QLD,35,100,-16.9073,145.8666,Zoonotic Helminth Diseases in Dogs and Dingoes Utilising Shared Resources in an Australian Aboriginal Community
18,Ancylostoma caninum,Dogs,QLD,85,92,-16.9073,145.8666,Zoonotic Helminth Diseases in Dogs and Dingoes Utilising Shared Resources in an Australian Aboriginal Community
18,Ancylostoma ceylanicum,Wild dogs,QLD,35,11,-16.9073,145.8666,Zoonotic Helminth Diseases in Dogs and Dingoes Utilising Shared Resources in an Australian Aboriginal Community
18,Ancylostoma ceylanicum ,Dogs,QLD,85,0,-16.9073,145.8666,Zoonotic Helminth Diseases in Dogs and Dingoes Utilising Shared Resources in an Australian Aboriginal Community
19,Uncinaria stenocephala,Red fox,VIC,365,2.7,-34.7638,142.2797,Helminth parasites of the fox (Vulpes vulpes) in Victoria
19,Uncinaria stenocephala,Red fox,VIC,269,28.6,-37.6976,142.4039,Helminth parasites of the fox (Vulpes vulpes) in Victoria
19,Uncinaria stenocephala,Red fox,VIC,115,7,-36.0261,146.0003,Helminth parasites of the fox (Vulpes vulpes) in Victoria
19,Uncinaria stenocephala,Red fox,VIC,223,23.3,-37.8136,144.9631,Helminth parasites of the fox (Vulpes vulpes) in Victoria
19,Uncinaria stenocephala,Red fox,VIC,228,47.3,-37.803,145.3082,Helminth parasites of the fox (Vulpes vulpes) in Victoria
19,Uncinaria stenocephala,Red fox,VIC,115,54.8,-38.5885,146.1142,Helminth parasites of the fox (Vulpes vulpes) in Victoria
20,Uncinaria stenocephala,Wild dogs,VIC,204,49.5,-37.68508,149.1424,Helminth parasites of the dingo and feral dog in Victoria with some notes on the diet of the host
21,Uncinaria stenocephala,Red fox,WA,147,18.2,-34.0557,116.0414,Environmental conditions predict helminth prevalence in red foxes in Western Australia
22,Ancylostoma caninum,Dogs,WA,141,66,-17.3492,125.9152,Carriage of critically important antimicrobial resistant bacteria and zoonotic parasites amongst camp dogs in remote Western Australian indigenous communities
23,Uncinaria stenocephala,Red fox,NSW,209,29.7,-29.699187,152.883031,Helminth parasites of the fox (Vulpes vulpes) in New South Wales
23,Ancylostoma caninum,Red fox,NSW,209,20.1,-29.699187,152.883031,Helminth parasites of the fox (Vulpes vulpes) in New South Wales
23,Uncinaria stenocephala,Red fox,NSW,88,12.5,-30.826781,147.839537,Helminth parasites of the fox (Vulpes vulpes) in New South Wales
23,Ancylostoma caninum,Red fox,NSW,88,1.1,-30.826781,147.839537,Helminth parasites of the fox (Vulpes vulpes) in New South Wales
23,Uncinaria stenocephala,Red fox,NSW,154,4.5,-30.524413,143.840995,Helminth parasites of the fox (Vulpes vulpes) in New South Wales
23,Ancylostoma caninum,Red fox,NSW,154,0.6,-30.524413,143.840995,Helminth parasites of the fox (Vulpes vulpes) in New South Wales
23,Uncinaria stenocephala,Red fox,NSW,77,22.1,-34.633208,144.236026,Helminth parasites of the fox (Vulpes vulpes) in New South Wales
23,Uncinaria stenocephala,Red fox,NSW,402,46.8,-35.782171,149.904388,Helminth parasites of the fox (Vulpes vulpes) in New South Wales
